"Time (s)","Gyroscope x (rad/s)","Gyroscope y (rad/s)","Gyroscope z (rad/s)","Absolute (rad/s)"
6.168333348E-4,3.895427659E-2,7.729527354E-2,-6.532127410E-2,1.084382950E-1
1.061783333E-2,5.445743445E-4,1.805335656E-2,-4.112801701E-2,4.491919442E-2
2.061883333E-2,-8.174177259E-2,-7.107997686E-2,-2.650859393E-2,1.115203392E-1
3.061983333E-2,-1.983967423E-1,-1.476991773E-1,2.370801289E-3,2.473498232E-1
4.062083333E-2,-3.350235820E-1,-2.132598162E-1,4.609857500E-2,3.998069888E-1
5.062183333E-2,-4.367284775E-1,-6.440843344E-1,6.692140549E-2,7.810600920E-1
6.062283333E-2,-4.717796743E-1,-9.647768736E-1,6.203078479E-2,1.075740812E0
7.062483333E-2,-4.754123092E-1,-1.112391949E0,1.509935856E-1,1.219111059E0
8.062583333E-2,-4.065919816E-1,-1.215530038E0,3.032680750E-1,1.317118764E0
9.062683333E-2,-3.303221762E-1,-1.154519916E0,4.637810588E-1,1.287292448E0
1.006278333E-1,-2.297654599E-1,-1.079508781E0,5.166592002E-1,1.218633704E0
1.106288333E-1,-1.063083708E-1,-1.095764518E0,4.246439338E-1,1.179967719E0
1.206298333E-1,6.038143300E-3,-1.257060170E0,2.831270099E-1,1.288564175E0
1.306308333E-1,8.276114613E-2,-1.455160856E0,1.583528221E-1,1.466089404E0
1.406318333E-1,1.005097851E-1,-1.566553354E0,9.250484407E-2,1.572497623E0
1.506328333E-1,1.094837934E-1,-1.568014979E0,4.037542269E-2,1.572351059E0
1.606348333E-1,1.293256730E-1,-1.468695879E0,-3.609484807E-2,1.474820515E0
1.706358333E-1,1.562082469E-1,-1.288489103E0,-1.352037936E-1,1.304946455E0
1.806368333E-1,1.728388816E-1,-1.156269789E0,-2.241419256E-1,1.190408630E0
1.906378333E-1,1.567284614E-1,-1.180149078E0,-2.752886415E-1,1.221924504E0
2.006388333E-1,1.014476269E-1,-1.283148408E0,-3.097813725E-1,1.323905569E0
2.106398333E-1,4.080976546E-2,-1.347850680E0,-3.949846029E-1,1.405126233E0
2.206408333E-1,-2.340384014E-2,-1.378791332E0,-5.684972405E-1,1.491577149E0
2.306418333E-1,-1.009267047E-1,-1.330282092E0,-7.769374251E-1,1.543848570E0
2.406428333E-1,-1.977310032E-1,-7.897539139E-1,-9.431048036E-1,1.245895447E0
2.506438333E-1,-1.967629194E-1,2.450811677E-2,-9.849270582E-1,1.004687814E0
2.606458333E-1,-8.213486522E-2,1.015874594E-1,-9.597663283E-1,9.686163085E-1
2.706468333E-1,3.390119597E-2,-1.215365976E-1,-9.637176394E-1,9.719424490E-1
2.806478333E-1,8.561951667E-2,-2.330689877E-1,-1.017612576E0,1.047467045E0
2.906488333E-1,7.433110476E-2,-9.313107282E-2,-1.057333946E0,1.064027060E0
3.006498333E-1,5.055253580E-2,-5.731848255E-2,-1.087886810E0,1.090568054E0
3.106508333E-1,1.223017573E-1,-1.623193175E-1,-1.158820748E0,1.176507887E0
3.206518333E-1,2.027720809E-1,-6.454881281E-2,-1.095535278E0,1.116011027E0
3.306528333E-1,4.267778397E-1,-1.347201616E-1,-9.036195278E-1,1.008373491E0
3.406538333E-1,5.564501286E-1,-2.293305695E-1,-7.845178843E-1,9.887859052E-1
3.506548333E-1,3.412192166E-1,-4.046308398E-1,-6.716547012E-1,8.551471850E-1
3.606568333E-1,4.512415826E-2,-6.787210107E-1,-5.165077448E-1,8.540952233E-1
3.706578333E-1,-3.032733798E-1,-5.290194154E-1,-3.614412844E-1,7.088554767E-1
3.806588333E-1,-4.792534709E-1,-3.378172517E-1,-1.264202446E-1,5.998220262E-1
3.906598333E-1,-5.196706057E-1,3.824364766E-2,4.485881329E-2,5.230032773E-1
4.006608333E-1,-1.581736356E-1,3.143346310E-1,3.122700155E-1,4.704654310E-1
4.106618333E-1,-1.030375715E-2,2.560844086E-2,5.672509074E-1,5.679221352E-1
4.206628333E-1,-2.416949123E-1,-3.317630291E-1,4.702894390E-1,6.242237536E-1
4.306638333E-1,-4.360034168E-1,-2.286647856E-1,3.056460917E-1,5.794877885E-1
4.406648333E-1,-4.566940367E-1,6.580651551E-2,2.389272451E-1,5.196019333E-1
4.506668333E-1,-4.325965643E-1,1.762347221E-1,2.603455186E-1,5.347693463E-1
4.606678333E-1,-4.426329732E-1,-3.708554059E-2,4.242356420E-1,6.142272920E-1
4.706688333E-1,-5.323474407E-1,-4.250483215E-1,6.975777745E-1,9.750254483E-1
4.806698333E-1,-7.169548869E-1,-1.047009349E0,1.095513463E0,1.676425553E0
4.906708333E-1,-9.514275193E-1,-1.569169164E0,1.449247122E0,2.338337745E0
5.006718333E-1,-1.340208530E0,-2.245937586E0,1.719177365E0,3.129850693E0
5.106728333E-1,-2.050706863E0,-3.770118475E0,1.945905328E0,4.712296627E0
5.206738333E-1,-2.336577654E0,-3.823673964E0,1.751387596E0,4.811178257E0
5.306748333E-1,-2.122055531E0,-2.323421001E0,1.530988455E0,3.499332861E0
5.406758333E-1,-1.809061527E0,-1.158085465E0,1.050703049E0,2.391201048E0
5.506778333E-1,-1.179318786E0,-1.234431982E0,5.431749821E-1,1.791550775E0
5.606788333E-1,-5.733588338E-1,-1.827421546E0,2.198464423E-1,1.927833581E0
5.706798333E-1,-3.094961345E-1,-2.063248158E0,1.060674414E-1,2.089026357E0
5.806808333E-1,-2.472559065E-1,-2.016458035E0,1.070118025E-1,2.034377058E0
5.906818333E-1,-2.905808985E-1,-1.250685692E0,1.122469679E-1,1.288895395E0
6.006828333E-1,-2.479996085E-1,4.519357979E-1,2.388727851E-2,5.160623735E-1
6.106838333E-1,5.480638519E-2,4.800835848E-1,-1.657847464E-1,5.108508299E-1
6.206848333E-1,4.848517478E-1,8.901007473E-2,-2.622388601E-1,5.583665736E-1
6.306858333E-1,9.728273153E-1,-3.029899299E-1,-4.084363282E-1,1.097732261E0
6.406878333E-1,1.647962809E0,-3.643811047E-1,-6.457256079E-1,1.807074035E0
6.506888333E-1,2.483782053E0,-6.965621710E-1,-7.911391258E-1,2.698198151E0
6.606898333E-1,3.280466080E0,-1.327880740E0,-8.971068859E-1,3.650962301E0
6.706908333E-1,3.727818251E0,-9.036516547E-1,-9.236862063E-1,3.945429182E0
6.806918333E-1,3.751795292E0,-1.090061784E0,-9.538286328E-1,4.021690150E0
6.906928333E-1,3.441365480E0,-8.400008082E-1,-8.725087047E-1,3.648269339E0
7.006938333E-1,2.451191902E0,-1.220360756E0,-6.876651049E-1,2.823208354E0
7.106948333E-1,-5.550065041E-1,-2.280863762E0,-5.061333776E-1,2.401362679E0
7.206958333E-1,-7.064620852E-1,8.155105710E-1,-4.951813817E-2,1.080091762E0
7.306968333E-1,-1.277393699E0,2.470202208E0,9.591815621E-2,2.782594814E0
7.406988333E-1,-1.964375019E0,2.356933832E0,-1.559298038E-1,3.072168682E0
7.506998333E-1,-2.385676861E0,2.594564438E0,-3.770843744E-1,3.544772395E0
7.607008333E-1,-2.620495319E0,3.113991261E0,-4.547306895E-1,4.095206624E0
7.707018333E-1,-2.788500071E0,3.522607088E0,9.892589599E-2,4.493804588E0
7.807028333E-1,-3.090510607E0,3.243064165E0,3.170861900E-1,4.491020445E0
7.907038333E-1,-3.009549856E0,1.997973561E0,3.801069260E-1,3.632322943E0
8.007048333E-1,-2.104934216E0,9.188159704E-1,7.608902454E-1,2.419488542E0
8.107058333E-1,-6.374616623E-1,-1.435985267E-1,1.209046841E0,1.374326079E0
8.207068333E-1,6.655151844E-1,-1.637031794E0,1.354934216E0,2.226798213E0
8.307078333E-1,1.711287498E0,-3.240196705E0,1.151229978E0,3.840925676E0
8.407098333E-1,2.617684364E0,-4.476349354E0,5.126971602E-1,5.210838066E0
8.507108333E-1,3.290125132E0,-5.209947109E0,-3.584508300E-1,6.172273427E0
8.607118333E-1,3.904802799E0,-5.237379551E0,-1.300265551E0,6.660954884E0
8.707128333E-1,4.584717751E0,-4.677767277E0,-2.692342758E0,7.081656097E0
8.807138333E-1,5.572152138E0,-4.581133842E0,-3.917996168E0,8.208919582E0
8.907148333E-1,7.318495274E0,-6.143613338E0,-4.564799309E0,1.058970022E1
9.007158333E-1,9.860447884E0,-9.729412079E0,-4.939383984E0,1.470671296E1
9.107168333E-1,1.278371239E1,-1.385912323E1,-5.297924519E0,1.958485648E1
9.207178333E-1,1.548688793E1,-1.672128868E1,-6.044473171E0,2.357924615E1
9.307188333E-1,1.705598450E1,-1.809135628E1,-6.563327789E0,2.571538549E1
9.407208333E-1,1.702206039E1,-1.821136093E1,-6.473662376E0,2.575485414E1
9.507218333E-1,1.571113110E1,-1.715926361E1,-6.226905823E0,2.408431697E1
9.607228333E-1,1.404023838E1,-1.483318901E1,-5.959105015E0,2.127587184E1
9.707238333E-1,1.233591080E1,-1.167608738E1,-4.911410809E0,1.768128015E1
9.807248333E-1,9.444328308E0,-7.871099472E0,-3.349745512E0,1.274246205E1
9.907258333E-1,5.025365829E0,-1.911483049E0,-1.590632081E0,5.606975975E0
1.000726833E0,2.873964608E-2,6.287450314E0,8.743553162E-1,6.348019741E0
1.010727833E0,-5.442250252E0,1.321717262E1,4.126903534E0,1.487760306E1
1.020728833E0,-1.058261013E1,1.717295647E1,7.194534779E0,2.141642831E1
1.030730833E0,-1.465520954E1,1.827688217E1,9.534067154E0,2.529264765E1
1.040731833E0,-1.753001976E1,1.790902328E1,1.154320526E1,2.759130833E1
1.050732833E0,-1.943988037E1,1.788722610E1,1.264557362E1,2.928775066E1
1.060733833E0,-2.036669922E1,1.814857101E1,1.223232651E1,2.989653623E1
1.070734833E0,-2.016303062E1,1.753705788E1,1.051271057E1,2.871608063E1
1.080735833E0,-1.712843323E1,1.858551216E1,6.527349472E0,2.610384604E1
1.090736833E0,-1.236923409E1,1.715272903E1,2.460182428E0,2.129005784E1
1.100737833E0,-7.328150272E0,1.284733868E1,-5.635460019E-1,1.480113109E1
1.110738833E0,-2.117329597E0,6.353690624E0,-2.307355642E0,7.083527316E0
1.120739833E0,2.832742453E0,-3.303573132E-1,-3.136828661E0,4.239488154E0
1.130741833E0,6.488556385E0,-5.010410786E0,-3.528605938E0,8.925056866E0
1.140742833E0,8.447917938E0,-7.284717083E0,-4.083683014E0,1.187901037E1
1.150743833E0,9.069931984E0,-7.873872757E0,-5.002948284E0,1.301118864E1
1.160744833E0,9.414416313E0,-8.621997833E0,-6.164927959E0,1.417661518E1
1.170745833E0,1.062173271E1,-1.120405388E1,-7.726282120E0,1.726405122E1
1.180746833E0,1.309446621E1,-1.491367149E1,-9.199978828E0,2.187515150E1
1.190747833E0,1.576114273E1,-1.767748451E1,-1.012458611E1,2.575683060E1
1.200748833E0,1.722014427E1,-1.866482353E1,-1.046803856E1,2.746796020E1
1.210749833E0,1.710055923E1,-1.818541336E1,-1.024301720E1,2.698254596E1
1.220750833E0,1.563977146E1,-1.638175392E1,-9.387369156E0,2.451707594E1
1.230752833E0,1.230665112E1,-1.155025673E1,-7.669029713E0,1.853850342E1
1.240753833E0,5.770772934E0,-1.740988195E-1,-3.796019077E0,6.909550744E0
1.250754833E0,-3.387320757E0,1.134011936E1,9.591242075E-1,1.187401231E1
1.260755833E0,-1.128384686E1,1.816559792E1,4.445044994E0,2.184199104E1
1.270756833E0,-1.638297844E1,1.930288124E1,6.695857048E0,2.618850336E1
1.280757833E0,-1.922423744E1,1.745492172E1,8.105957031E0,2.720206126E1
1.290758833E0,-2.049790955E1,1.539126205E1,9.220890999E0,2.724114671E1
1.300759833E0,-1.974069214E1,1.336057663E1,1.011347485E1,2.589367312E1
1.310760833E0,-1.621837997E1,1.280641651E1,9.629532814E0,2.279842221E1
1.320761833E0,-1.102100945E1,1.179901791E1,7.388591766E0,1.775586554E1
1.330763833E0,-5.603456020E0,9.016744614E0,4.775646687E0,1.164075616E1
1.340764833E0,-1.452029943E-1,3.377197266E0,2.202425718E0,4.034504223E0
1.350765833E0,5.312903881E0,-3.919864416E0,-4.375589266E-2,6.602590345E0
1.360766833E0,1.002286434E1,-1.123234367E1,-1.666243315E0,1.514594734E1
1.370767833E0,1.376550865E1,-1.707290268E1,-2.728556871E0,2.210018681E1
1.380768833E0,1.652269745E1,-2.052275085E1,-3.576077938E0,2.658892941E1
1.390769833E0,1.806608200E1,-2.153690147E1,-4.641028881E0,2.849141262E1
1.400770833E0,1.850014114E1,-2.160742950E1,-6.123191833E0,2.909690207E1
1.410771833E0,1.763782501E1,-2.073915482E1,-7.598588943E0,2.826559689E1
1.420773833E0,1.497224140E1,-1.602618217E1,-8.469246864E0,2.351030987E1
1.430774833E0,1.114331245E1,-9.532257080E0,-7.571634293E0,1.650354457E1
1.440775833E0,6.487744331E0,-4.642799854E0,-5.673233509E0,9.789381770E0
1.450776833E0,1.713931918E0,-1.633957028E0,-4.256475449E0,4.870827592E0
1.460777833E0,-2.194267273E0,-4.387683868E-1,-3.247044563E0,3.943428072E0
1.470778833E0,-4.975064278E0,-3.402394950E-1,-2.550302744E0,5.600988445E0
1.480779833E0,-6.803023815E0,-4.521625638E-1,-2.232397795E0,7.174202668E0
1.490780833E0,-7.915616512E0,9.692390263E-2,-2.214006662E0,8.219988109E0
1.500781833E0,-8.434809685E0,1.170305610E0,-2.239873171E0,8.805263282E0
1.510782833E0,-8.604722023E0,2.219076157E0,-2.084226370E0,9.127405965E0
1.520784833E0,-8.739137650E0,3.629841566E0,-1.499900579E0,9.581126155E0
1.530785833E0,-9.296346664E0,6.545633793E0,7.710326463E-2,1.136984292E1
1.540786833E0,-1.081366634E1,9.905545235E0,2.136097193E0,1.481951812E1
1.550787833E0,-1.310596657E1,1.233839035E1,4.012069225E0,1.844177149E1
1.560788833E0,-1.537437630E1,1.369440460E1,5.782544613E0,2.138564907E1
1.570789833E0,-1.703631210E1,1.405866814E1,7.364528656E0,2.328343536E1
1.580790833E0,-1.792293930E1,1.384040546E1,8.441650391E0,2.416712722E1
1.590791833E0,-1.763874245E1,1.303512192E1,8.397023201E0,2.348509394E1
1.600792833E0,-1.525688553E1,1.010161304E1,6.686134815E0,1.948126128E1
1.610793833E0,-9.965731621E0,4.960475922E0,3.600874186E0,1.169993261E1
1.620795833E0,-3.765389442E0,-1.135962486E0,6.134146452E-1,3.980558497E0
1.630796833E0,1.181363463E0,-7.104211807E0,-1.459388733E0,7.348146740E0
1.640797833E0,4.776152611E0,-1.072577477E1,-2.592043638E0,1.202383334E1
1.650798833E0,6.942603588E0,-1.103860378E1,-2.799064636E0,1.333736409E1
1.660799833E0,7.546520710E0,-8.590085983E0,-2.336775780E0,1.167047870E1
1.670800833E0,6.538667202E0,-4.635112286E0,-1.630774617E0,8.179111231E0
1.680801833E0,4.381878376E0,-3.798880577E-1,-8.024782538E-1,4.470922096E0
1.690802833E0,1.767401695E0,2.868004084E0,4.273000360E-1,3.395841795E0
1.700803833E0,-6.334908009E-1,4.535218239E0,1.854978800E0,4.940694427E0
1.710804833E0,-2.529693365E0,5.224823475E0,2.859828234E0,6.471224489E0
1.720806833E0,-3.764113665E0,4.509371281E0,3.031653166E0,6.610136303E0
1.730807833E0,-4.293820381E0,2.963314772E0,2.653477430E0,5.853124838E0
1.740808833E0,-4.520929337E0,2.172165871E0,1.997726798E0,5.398890534E0
1.750809833E0,-4.724427700E0,1.996118546E0,1.472988248E0,5.336140995E0
1.760810833E0,-5.035280704E0,2.832898140E0,1.085674286E0,5.878609725E0
1.770811833E0,-5.734147072E0,5.007970333E0,5.647774339E-1,7.634080367E0
1.780812833E0,-4.704988003E0,1.811267376E0,-1.853868216E-1,5.044994538E0
1.790813833E0,-2.025618076E0,2.219964981E0,-5.568372011E-1,3.056377067E0
1.800814833E0,1.967602670E-1,1.461944461E0,1.876380146E-1,1.487011847E0
1.810815833E0,1.389794946E0,8.414577246E-1,1.160721183E0,1.996710985E0
1.820817833E0,1.934576750E0,1.161308438E-1,1.790226936E0,2.638368067E0
1.830818833E0,2.138066053E0,-8.165581822E-1,1.898911357E0,2.973879294E0
1.840819833E0,2.207248449E0,-1.674097657E0,1.831642628E0,3.321063594E0
1.850820833E0,2.242880106E0,-2.056318521E0,1.806951404E0,3.538930687E0
1.860821833E0,2.430922270E0,-2.144387722E0,1.584103227E0,3.607930822E0
1.870822833E0,2.860888004E0,-1.890674591E0,1.074610591E0,3.593621920E0
1.880823833E0,3.689661980E0,-1.528560966E-1,2.569307387E-1,3.701754167E0
1.890824833E0,3.102721214E0,5.146593094E0,1.456585079E-1,6.011282376E0
1.900825833E0,2.039956808E0,4.899357319E0,6.669781804E-1,5.348830322E0
1.910826833E0,9.889769554E-1,2.019262552E0,1.640350342E0,2.783207847E0
1.920828625E0,9.548909217E-2,-1.484127045E-1,2.163085699E0,2.170272849E0
1.930829625E0,-4.676852822E-1,-1.486149073E0,2.095959187E0,2.611592139E0
1.940830625E0,-7.753680348E-1,-1.453277469E0,1.703372002E0,2.369533111E0
1.950831625E0,-6.212902069E-1,-9.129701853E-1,1.212614059E0,1.640106380E0
1.960832625E0,-2.096211463E-1,-1.170250654E0,7.556369305E-1,1.408692582E0
1.970833625E0,-1.184436828E-1,-5.656169653E-1,5.104923844E-1,7.710732339E-1
1.980834625E0,-3.381930888E-1,3.152272999E-1,5.414550900E-1,7.119806391E-1
1.990835625E0,-9.222503304E-1,1.681720018E0,7.360569239E-1,2.054387424E0
2.000836625E0,-1.600652456E0,3.025665522E0,9.512249231E-1,3.552684758E0
2.010837625E0,-2.813806295E0,3.391782522E0,9.238346219E-1,4.502795238E0
2.020839625E0,-3.803357840E0,4.353668213E0,7.950074077E-1,5.835408687E0
2.030840625E0,-4.375623226E0,6.007301807E0,2.853181660E-1,7.437416223E0
2.040841625E0,-4.765767097E0,7.613870621E0,-1.880259514E-1,8.984370630E0
2.050842625E0,-4.707413673E0,5.985461712E0,-6.692597866E-1,7.644174518E0
2.060843625E0,-4.991181374E0,1.823466420E0,-9.870119095E-1,5.404730687E0
2.070844625E0,-4.498853207E0,1.657838702E0,-7.043694258E-1,4.846054645E0
2.080845625E0,-3.883247852E0,1.359349728E0,-4.012072086E-1,4.133813347E0
2.090846625E0,-3.259398937E0,8.227717876E-1,-6.545685232E-2,3.362278907E0
2.100847625E0,-2.504628181E0,7.565768063E-2,1.338511854E-1,2.509343052E0
2.110848625E0,-1.705632687E0,7.202322595E-3,1.370815635E-1,1.711147594E0
2.120850625E0,-8.352613449E-1,3.757838011E-1,-2.088356204E-2,9.161392376E-1
2.130851625E0,3.107388690E-2,7.297928333E-1,-1.904169023E-1,7.548653938E-1
2.140852625E0,7.968461514E-1,1.093555212E0,-1.760547459E-1,1.364486007E0
2.150853625E0,1.382839799E0,1.437419891E0,5.954291299E-2,1.995486711E0
2.160854625E0,1.828925729E0,1.507366776E0,4.361961782E-1,2.409852905E0
2.170855625E0,2.192134619E0,1.484582663E0,8.508356810E-1,2.780892163E0
2.180856625E0,2.509741545E0,1.462113023E0,1.249994278E0,3.162129474E0
2.190857625E0,2.873722076E0,1.458599687E0,1.627739549E0,3.610447016E0
2.200858625E0,3.271928787E0,1.681118846E0,1.936913371E0,4.157320287E0
2.210859625E0,3.697838783E0,1.968041301E0,2.170875072E0,4.718039509E0
2.220861625E0,4.147993088E0,2.274926901E0,2.295969963E0,5.258575580E0
2.230862625E0,4.644860744E0,2.762966394E0,2.311183214E0,5.877948833E0
2.240863625E0,5.219842911E0,3.211840153E0,2.236174822E0,6.524044376E0
2.250864625E0,5.830906868E0,3.604427814E0,2.137515068E0,7.180553282E0
2.260865625E0,6.391560555E0,4.004746914E0,2.078968525E0,7.823819674E0
2.270866625E0,6.856275082E0,3.954522133E0,2.087439060E0,8.185606583E0
2.280867625E0,6.744120598E0,3.036935806E0,2.121950388E0,7.694726452E0
2.290868625E0,5.682962418E0,1.366527677E0,2.209969521E0,6.248793885E0
2.300869625E0,3.615686417E0,-1.473429680E0,1.991229892E0,4.382827828E0
2.310870625E0,9.405508637E-1,-3.253752470E0,1.208433628E0,3.596088555E0
2.320872625E0,-1.833898902E0,-4.220726967E0,4.083740711E-1,4.620009815E0
2.330873625E0,-4.320693016E0,-4.550989628E0,6.464202702E-2,6.275673137E0
2.340874625E0,-6.112015247E0,-4.563979149E0,1.488578320E-1,7.629468835E0
2.350875625E0,-6.942250252E0,-4.525693417E0,3.364235163E-1,8.293968908E0
2.360876625E0,-6.850870132E0,-4.143020153E0,4.487050474E-1,8.018751385E0
2.370877625E0,-5.963850975E0,-2.884013891E0,4.478864372E-1,6.639703068E0
2.380878625E0,-4.392756939E0,-4.481030405E-1,4.744221866E-1,4.440966817E0
2.390879625E0,-2.105514526E0,2.746038914E0,5.695765018E-1,3.506898705E0
2.400880625E0,7.815655470E-1,5.406877041E0,6.940939426E-1,5.506989236E0
2.410881625E0,3.759570122E0,6.805677891E0,7.524358034E-1,7.811387757E0
2.420882625E0,6.192146778E0,6.920644283E0,7.305459380E-1,9.315132655E0
2.430884625E0,7.647046089E0,6.044734001E0,6.448971629E-1,9.768931128E0
2.440885625E0,8.085978508E0,4.560443878E0,4.897147715E-1,9.296263623E0
2.450886625E0,7.604863644E0,2.939471722E0,2.436764240E-1,8.156826787E0
2.460887625E0,6.336628437E0,1.500568390E0,-5.288626999E-2,6.512093550E0
2.470888625E0,4.533731937E0,-1.553385612E-2,-3.665816486E-1,4.548554571E0
2.480889625E0,2.270301819E0,-1.930105448E0,-6.532474756E-1,3.050624469E0
2.490890625E0,-4.753719270E-1,-4.257485867E0,-8.050374389E-1,4.358927580E0
2.500891625E0,-3.376624823E0,-6.509723663E0,-6.184768677E-1,7.359389309E0
2.510892625E0,-5.856288433E0,-8.046163559E0,-8.426173776E-2,9.952083313E0
2.520894625E0,-7.589457512E0,-8.828141212E0,5.728926659E-1,1.165607775E1
2.530895625E0,-8.541858673E0,-9.206800461E0,1.144644737E0,1.261105610E1
2.540896625E0,-8.806265831E0,-9.117080688E0,1.480551124E0,1.276179885E1
2.550897625E0,-8.554090500E0,-8.271209717E0,1.560038686E0,1.200079561E1
2.560898625E0,-7.879749298E0,-6.609545231E0,1.608790994E0,1.040983889E1
2.570899625E0,-6.576304436E0,-3.915229797E0,1.669901371E0,7.833605491E0
2.580900625E0,-4.517576694E0,-2.888625562E-1,1.415152788E0,4.742847054E0
2.590901625E0,-1.674084425E0,3.735230207E0,9.013710022E-1,4.191297299E0
2.600902625E0,1.624297023E0,7.515307903E0,2.211602479E-1,7.692015702E0
2.610903625E0,4.875181675E0,1.017698860E1,-5.905581713E-1,1.129987842E1
2.620905625E0,7.604269981E0,1.126301575E1,-1.282562137E0,1.365010664E1
2.630906625E0,9.470506668E0,1.059196091E1,-1.611722708E0,1.429957281E1
2.640907625E0,1.033485889E1,8.468928337E0,-1.569449544E0,1.345344667E1
2.650908625E0,9.812970161E0,5.593002796E0,-1.405309916E0,1.138204549E1
2.660909625E0,7.569645405E0,2.641403913E0,-1.399476290E0,8.138493723E0
2.670910625E0,3.941088915E0,-1.782835424E-1,-1.677485943E0,4.286948325E0
2.680911625E0,1.088361908E-2,-2.972852945E0,-2.072429180E0,3.623939265E0
2.690912625E0,-3.395848513E0,-5.378884792E0,-2.208081484E0,6.733484430E0
2.700913625E0,-5.861567020E0,-7.032938957E0,-1.813415527E0,9.333202783E0
2.710914625E0,-7.271298409E0,-8.169212341E0,-9.716920853E-1,1.097961731E1
2.720916625E0,-7.713620186E0,-8.934525490E0,6.828684825E-3,1.180363201E1
2.730917625E0,-7.435445309E0,-9.378245354E0,8.616443872E-1,1.199915680E1
2.740918625E0,-6.677524090E0,-9.000912666E0,1.458610415E0,1.130191582E1
2.750919625E0,-5.449559689E0,-6.968870640E0,1.901688099E0,9.048716838E0
2.760920625E0,-3.564632654E0,-3.674520731E0,2.376717567E0,5.644244410E0
2.770921625E0,-9.436631203E-1,3.890507221E-1,2.771119356E0,2.953127670E0
2.780922625E0,2.188018799E0,3.992607355E0,2.822219372E0,5.356609183E0
2.790923625E0,5.214039326E0,6.409948826E0,2.491647482E0,8.630292997E0
2.800924625E0,7.558576107E0,7.507520676E0,2.023365974E0,1.084384384E1
2.810925625E0,9.055228233E0,7.582509041E0,1.605511665E0,1.191928141E1
2.820927625E0,9.797409058E0,7.263998508E0,1.266383410E0,1.226208080E1
2.830928625E0,9.706741333E0,6.301747799E0,9.235774875E-1,1.160973075E1
2.840929625E0,8.431210518E0,4.625334740E0,5.150309801E-1,9.630383646E0
2.850930625E0,5.732159615E0,2.730806589E0,-6.442131847E-2,6.349732953E0
2.860931625E0,2.095608950E0,6.946905255E-1,-7.861832380E-1,2.343556246E0
2.870932625E0,-1.455969095E0,-1.345342159E0,-1.330404878E0,2.387418830E0
2.880933625E0,-4.149699211E0,-3.210448265E0,-1.525434017E0,5.463875049E0
2.890934625E0,-5.849042416E0,-4.499248981E0,-1.397953153E0,7.510579977E0
2.900935625E0,-6.625749111E0,-5.358132839E0,-1.137808919E0,8.596787071E0
2.910937625E0,-6.591001034E0,-5.516958714E0,-8.824613094E-1,8.640420478E0
2.920939250E0,-5.808284760E0,-4.599586964E0,-6.289457083E-1,7.435586378E0
2.930940250E0,-4.337403774E0,-2.777885675E0,-4.223338962E-1,5.167986672E0
2.940941250E0,-2.367712736E0,-6.704074144E-1,-2.478614450E-1,2.473245843E0
2.950942250E0,-3.482008874E-1,1.032884598E0,-1.080721989E-1,1.095341979E0
2.960943250E0,1.243695617E0,2.066751242E0,7.552398369E-3,2.412114533E0
2.970944250E0,2.202362537E0,2.455178499E0,6.634466350E-2,3.298894333E0
2.980945250E0,2.631258965E0,2.360148430E0,5.884307250E-2,3.535150189E0
2.990946250E0,2.653726339E0,2.000111818E0,2.291041054E-2,3.323136419E0
3.000947250E0,2.358556747E0,1.540580034E0,-1.339193806E-2,2.817153904E0
3.010949250E0,1.835001826E0,1.115043402E0,-3.648643196E-2,2.147529918E0
3.020950250E0,1.188969016E0,7.312429547E-1,-2.452218160E-2,1.396053336E0
3.030951250E0,5.248873234E-1,2.650517225E-1,1.722203195E-2,5.882650051E-1
3.040952250E0,-1.206014156E-1,-2.907332182E-1,9.250826389E-2,3.280674999E-1
3.050953250E0,-7.014766932E-1,-6.859903932E-1,2.344007194E-1,1.008759668E0
3.060954250E0,-1.134217978E0,-8.256090283E-1,4.230406880E-1,1.465279534E0
3.070955250E0,-1.335707545E0,-7.695570588E-1,6.024327278E-1,1.655070363E0
3.080956250E0,-1.313242793E0,-5.935841799E-1,7.200584412E-1,1.611034752E0
3.090957250E0,-1.126321554E0,-3.592660427E-1,7.333156466E-1,1.391195231E0
3.100959250E0,-8.544820547E-1,-1.337554306E-1,6.574504375E-1,1.086402860E0
3.110960250E0,-5.676875114E-1,2.755246870E-2,5.225304365E-1,7.720533053E-1
3.120961250E0,-3.097127080E-1,9.771504253E-2,3.734599650E-1,4.949166965E-1
3.130962250E0,-1.064240262E-1,8.682335168E-2,2.112359703E-1,2.519623045E-1
3.140963250E0,1.839727163E-2,-2.284455299E-2,1.364165917E-2,3.234854046E-2
3.150964250E0,2.502213977E-2,-2.514563799E-1,-2.138376534E-1,3.310331713E-1
3.160965250E0,-9.842976183E-2,-3.314734399E-1,-4.213873744E-1,5.450966691E-1
3.170966250E0,-3.208588362E-1,-2.362432182E-1,-5.749869943E-1,6.995507805E-1
3.180967250E0,-6.326449513E-1,-2.039713115E-1,-6.877172589E-1,9.564512317E-1
3.190969250E0,-9.837372899E-1,-2.803474665E-1,-7.523173690E-1,1.269769735E0
3.200970250E0,-1.294353962E0,-3.103602231E-1,-7.886005640E-1,1.547115541E0
3.210971250E0,-1.453552723E0,-2.256268114E-1,-8.453823328E-1,1.696583115E0
3.220972250E0,-1.399702787E0,4.026089795E-3,-9.077386856E-1,1.668284635E0
3.230973250E0,-1.078634024E0,7.011656761E-1,-9.267510176E-1,1.585544736E0
3.240974250E0,-5.076413751E-1,1.477219343E0,-8.767349720E-1,1.791240063E0
3.250975250E0,2.835588157E-1,2.289578676E0,-5.965099335E-1,2.382939407E0
3.260976250E0,1.240361691E0,3.088811874E0,1.420463622E-1,3.331581169E0
3.270977250E0,2.222813845E0,3.597059250E0,1.247340798E0,4.408582051E0
3.280978250E0,3.164076567E0,4.344823837E0,2.470829248E0,5.915561839E0
3.290980250E0,4.134879589E0,5.602412224E0,3.675331354E0,7.873519702E0
3.300981250E0,5.140915871E0,6.779305935E0,4.667760372E0,9.704431557E0
3.310982250E0,6.075938225E0,7.729041100E0,5.373118877E0,1.120381668E1
3.320983250E0,6.800459862E0,8.390647888E0,5.890091896E0,1.230213026E1
3.330984250E0,7.217483521E0,8.491207123E0,6.264561176E0,1.278426351E1
3.340985250E0,7.295984745E0,8.073851585E0,6.504559517E0,1.267784553E1
3.350986250E0,6.948237419E0,7.316275597E0,6.519043922E0,1.201265273E1
3.360987250E0,5.990558147E0,5.901578903E0,6.276332855E0,1.049322518E1
3.370988250E0,4.290861607E0,3.995606661E0,5.795442581E0,8.243999068E0
3.380990250E0,1.891535759E0,2.134720325E0,4.801287651E0,5.584559204E0
3.390991250E0,-9.435287714E-1,2.077801824E-1,2.681495667E0,2.850234755E0
3.400992250E0,-3.382795811E0,-1.644228101E0,-4.629926085E-1,3.789611550E0
3.410993250E0,-4.659747601E0,-2.710698128E0,-4.130679131E0,6.791438884E0
3.420994250E0,-4.712701797E0,-2.147564888E0,-7.606679440E0,9.202345640E0
3.430995250E0,-3.843869686E0,-7.875425816E-1,-1.022402287E1,1.095108219E1
3.440996250E0,-2.634330750E0,1.183111593E-1,-1.198669529E1,1.227332718E1
3.450997250E0,-1.631955504E0,-9.362760186E-2,-1.259972286E1,1.270531625E1
3.460998250E0,-1.188275814E0,-1.515754580E0,-1.164825058E1,1.180640728E1
3.471000250E0,-1.675515771E0,-3.721853018E0,-8.689795494E0,9.600629600E0
3.481001250E0,-2.276195526E0,-4.271427631E0,-4.044266701E0,6.307317435E0
3.491002250E0,-1.717299461E0,-1.975901604E0,9.479317665E-1,2.784219679E0
3.501003250E0,3.876116872E-1,8.499131799E-1,4.437470913E0,4.534726379E0
3.511004250E0,2.966795921E0,2.645832777E0,6.210227013E0,7.373549259E0
3.521005250E0,4.935489655E0,3.551223755E0,7.407042027E0,9.583032916E0
3.531006250E0,5.974232197E0,4.103691101E0,8.579020500E0,1.123082026E1
3.541007250E0,6.096976280E0,4.470716953E0,9.662336349E0,1.226870709E1
3.551008250E0,5.484169483E0,4.709883690E0,1.039281178E1,1.265976524E1
3.561009250E0,4.295001030E0,4.879110813E0,1.057125759E1,1.240984461E1
3.571011250E0,2.732238054E0,5.059169292E0,1.003360081E1,1.156431857E1
3.581012250E0,8.978986740E-1,5.111373901E0,8.898616791E0,1.030134680E1
3.591013250E0,-1.099955201E0,4.545968056E0,7.458311558E0,8.803529877E0
3.601014250E0,-3.013880491E0,2.568611860E0,5.274688721E0,6.595724646E0
3.611015250E0,-4.416047573E0,-7.026653886E-1,2.184353113E0,4.976606609E0
3.621016250E0,-4.726686954E0,-3.507448673E0,-1.479766488E0,6.069058792E0
3.631017250E0,-3.794848442E0,-4.297648430E0,-5.225493431E0,7.757347377E0
3.641018250E0,-2.430738449E0,-3.700279951E0,-8.622032166E0,9.692264946E0
3.651019250E0,-1.541954756E0,-3.166217327E0,-1.122034168E1,1.176004354E1
3.661021250E0,-1.031528831E0,-3.024729729E0,-1.299144363E1,1.337873871E1
3.671022250E0,-6.911755204E-1,-3.122466803E0,-1.405264950E1,1.441195616E1
3.681023250E0,-7.681848407E-1,-3.410341263E0,-1.455827141E1,1.497210078E1
3.691024250E0,-1.533052325E0,-4.682489395E0,-1.465202522E1,1.545825991E1
3.701025250E0,-3.289496183E0,-7.247672558E0,-1.369209003E1,1.583738843E1
3.711026250E0,-5.968483925E0,-9.064993858E0,-1.020905209E1,1.490039122E1
3.721027250E0,-7.400959492E0,-7.574514389E0,-4.980275631E0,1.170259010E1
3.731028250E0,-5.468288898E0,-3.479843855E0,-3.397111595E-1,6.490523893E0
3.741029250E0,-7.880281806E-1,8.830605149E-1,2.888207197E0,3.121301828E0
3.751031250E0,4.096034527E0,4.217874527E0,5.029752731E0,7.737336551E0
3.761032250E0,7.622775078E0,6.140290260E0,6.920266628E0,1.198749159E1
3.771033250E0,9.521677971E0,7.224722385E0,8.888107300E0,1.489487886E1
3.781034250E0,1.007987881E1,7.958888054E0,1.061420155E1,1.666160647E1
3.791035250E0,9.649503708E0,8.754713058E0,1.185547352E1,1.761562303E1
3.801036250E0,8.321243286E0,8.956769943E0,1.240675831E1,1.741822234E1
3.811037250E0,6.256541729E0,7.992697716E0,1.182816982E1,1.558631235E1
3.821038250E0,3.616853952E0,6.441832542E0,1.005117130E1,1.247416865E1
3.831039250E0,6.593399048E-1,4.952487946E0,7.930780411E0,9.373320857E0
3.841041250E0,-1.861500978E0,3.502948046E0,6.364199162E0,7.499257421E0
3.851042250E0,-2.939917326E0,2.754903078E0,4.962827682E0,6.392359772E0
3.861043250E0,-2.611172676E0,1.455911756E0,3.146378517E0,4.340230358E0
3.871044250E0,-1.424517274E0,-1.560239196E-1,4.724861383E-1,1.508918844E0
3.881045250E0,3.769432008E-1,-8.795504570E-1,-2.438701868E0,2.619725555E0
3.891046250E0,2.359742641E0,-1.134924531E0,-5.214666843E0,5.835168319E0
3.901047250E0,3.354144096E0,-1.580977082E0,-7.819768906E0,8.654395235E0
3.911048250E0,3.345077991E0,-2.370298862E0,-1.007170105E1,1.087414482E1
3.921050000E0,2.358393669E0,-4.163768768E0,-1.209860897E1,1.301058531E1
3.931051000E0,-3.296942711E-1,-7.868299961E0,-1.395188618E1,1.602104773E1
3.941052000E0,-4.956290245E0,-1.259325886E1,-1.475054073E1,2.001832744E1
3.951053000E0,-1.046415138E1,-1.698055267E1,-1.408080196E1,2.441529474E1
3.961054000E0,-1.522278786E1,-1.925272179E1,-1.174465370E1,2.720914289E1
3.971055000E0,-1.773263359E1,-1.932161903E1,-8.114626884E0,2.745211150E1
3.981056000E0,-1.751504326E1,-1.771104240E1,-5.093942642E0,2.542451602E1
3.991057000E0,-1.524968433E1,-1.454509258E1,-3.028927326E0,2.129053760E1
4.001058000E0,-1.197224236E1,-1.076646805E1,-1.662776828E0,1.618691595E1
4.011060000E0,-7.933362961E0,-7.519048214E0,-4.602441788E-1,1.094011694E1
4.021061000E0,-3.183944941E0,-5.114239216E0,1.079186797E0,6.120260802E0
4.031062000E0,1.513208985E0,-3.064302683E0,2.953180075E0,4.516749375E0
4.041063000E0,5.376967907E0,-1.122038484E0,4.763785362E0,7.270791237E0
4.051064000E0,8.187807083E0,7.415440083E-1,6.336187840E0,1.037966034E1
4.061065000E0,1.024383068E1,2.699592829E0,7.625938892E0,1.305292352E1
4.071066000E0,1.178048229E1,5.121304512E0,8.611571312E0,1.546501482E1
4.081067000E0,1.313923454E1,8.641780853E0,9.471860886E0,1.835854050E1
4.091069000E0,1.433759785E1,1.232324696E1,1.008974648E1,2.142970162E1
4.101070000E0,1.496859455E1,1.430566311E1,1.016393757E1,2.306548171E1
4.111071000E0,1.525008297E1,1.464211273E1,9.559875488E0,2.320232133E1
4.121072000E0,1.551224136E1,1.345248413E1,8.452648163E0,2.220464416E1
4.131073000E0,1.572121620E1,1.123839092E1,7.256961823E0,2.064271213E1
4.141074000E0,1.598561287E1,8.443763733E0,5.924159050E0,1.902452694E1
4.151075000E0,1.628867340E1,5.425484657E0,4.342101574E0,1.770905449E1
4.161076000E0,1.623841095E1,2.941255808E0,2.826452494E0,1.674293312E1
4.171078000E0,1.581314182E1,9.035059810E-1,1.615329027E0,1.592108869E1
4.181079000E0,1.438796711E1,-6.448470950E-1,6.780220270E-1,1.441836118E1
4.191080000E0,1.108359528E1,-1.671202183E0,1.985463798E-1,1.121063877E1
4.201081000E0,6.185108662E0,-2.849782228E0,-2.463530600E-1,6.814507887E0
4.211082000E0,4.198022187E-1,-4.923976421E0,-1.020476937E0,5.046102544E0
4.221083000E0,-4.844393253E0,-7.202095032E0,-1.715818286E0,8.847731417E0
4.231084000E0,-9.044343948E0,-8.911234856E0,-2.369064808E0,1.291598746E1
4.241085000E0,-1.214008236E1,-1.001294136E1,-3.147959471E0,1.604837198E1
4.251087000E0,-1.417701721E1,-1.117068768E1,-4.294688702E0,1.855307067E1
4.261088000E0,-1.605255699E1,-1.266320229E1,-4.910783291E0,2.102753125E1
4.271089000E0,-1.801111794E1,-1.458318996E1,-5.099033833E0,2.372909490E1
4.281090000E0,-1.996334457E1,-1.716258049E1,-4.782404423E0,2.675744173E1
4.291091000E0,-2.149604607E1,-1.988193893E1,-4.214767933E0,2.958269361E1
4.301092000E0,-2.175466537E1,-2.170088196E1,-3.764023066E0,3.095741612E1
4.311093000E0,-1.991152191E1,-2.133972359E1,-3.762253046E0,2.942799782E1
4.321094000E0,-1.589790344E1,-1.883866310E1,-4.248663902E0,2.501379032E1
4.331096000E0,-9.983351707E0,-1.414155293E1,-4.359302044E0,1.785089199E1
4.341097000E0,-2.344716072E0,-6.652015209E0,-3.256199837E0,7.768515764E0
4.351098000E0,5.672768593E0,2.158770323E0,-7.616064548E-1,6.117240980E0
4.361099000E0,1.189654541E1,1.077188015E1,2.369004726E0,1.622261933E1
4.371100000E0,1.531990528E1,1.752191162E1,4.699383736E0,2.374449604E1
4.381101000E0,1.682623672E1,2.059551430E1,5.670719624E0,2.719291291E1
4.391102000E0,1.789781189E1,2.085765266E1,5.843059540E0,2.809830404E1
4.401104000E0,1.930853653E1,1.975894165E1,6.340173721E0,2.834489656E1
4.411105000E0,1.991109657E1,1.791827202E1,7.348254204E0,2.777612426E1
4.421106000E0,1.928442574E1,1.612353706E1,8.384675026E0,2.649830747E1
4.431107000E0,1.794006729E1,1.412064838E1,9.105553627E0,2.457945956E1
4.441108000E0,1.597360802E1,1.115988255E1,8.610205650E0,2.130339815E1
4.451109000E0,1.227775669E1,5.039258480E0,6.035000801E0,1.457939196E1
4.461110000E0,5.694719791E0,-4.423201084E0,2.005546093E0,7.484434278E0
4.471111000E0,-2.284985781E0,-1.214144993E1,-1.545585394E0,1.245089557E1
4.481113000E0,-9.158248901E0,-1.489831161E1,-3.872016430E0,1.791160861E1
4.491114000E0,-1.426408768E1,-1.448440552E1,-5.142329693E0,2.096916200E1
4.501115000E0,-1.784158516E1,-1.328267193E1,-5.640954494E0,2.294715455E1
4.511116000E0,-2.008011627E1,-1.273167229E1,-5.610118389E0,2.442908056E1
4.521117000E0,-2.120605850E1,-1.422625160E1,-4.624996185E0,2.595137263E1
4.531118000E0,-2.128376007E1,-1.546143627E1,-3.135457754E0,2.649312269E1
4.541119000E0,-1.980001831E1,-1.552886868E1,-2.766067743E0,2.531477075E1
4.551121000E0,-1.690974236E1,-1.397915363E1,-3.583012581E0,2.223047687E1
4.561122000E0,-1.302300930E1,-1.060995674E1,-4.093075275E0,1.728939613E1
4.571123000E0,-8.125075340E0,-5.782953739E0,-3.373641729E0,1.052809868E1
4.581124000E0,-2.117995977E0,-5.295457840E-1,-1.366093516E0,2.575371273E0
4.591125000E0,4.795485497E0,6.157286167E0,1.802851796E0,8.009939369E0
4.601126000E0,1.142020130E1,1.299807835E1,5.274488449E0,1.808842909E1
4.611127000E0,1.625884819E1,1.718678474E1,7.410417080E0,2.479213576E1
4.621129000E0,1.914754868E1,1.815037346E1,8.042414665E0,2.758160820E1
4.631130000E0,2.021420288E1,1.627099800E1,7.861370087E0,2.711384358E1
4.641131000E0,1.965691185E1,1.335155201E1,7.460764408E0,2.490624681E1
4.651132000E0,1.821823120E1,1.116933441E1,7.057832241E0,2.250491003E1
4.661133000E0,1.561883831E1,7.421282291E0,5.834976196E0,1.825021885E1
4.671134000E0,1.063841152E1,6.794479489E-1,3.121881008E0,1.110781663E1
4.681135000E0,3.671250105E0,-6.394163132E0,7.100735605E-2,7.373495883E0
4.691137000E0,-3.370030642E0,-1.104288483E1,-2.023995638E0,1.172173068E1
4.701138000E0,-8.691319466E0,-1.195024872E1,-2.718082190E0,1.502449498E1
4.711139000E0,-1.219339085E1,-1.045594406E1,-2.119798899E0,1.620182378E1
4.721140000E0,-1.428998375E1,-8.770020485E0,-1.467824459E0,1.683066854E1
4.731141000E0,-1.576355076E1,-8.248283386E0,-1.192238331E0,1.783101634E1
4.741142000E0,-1.673365402E1,-9.543004990E0,-1.327145338E0,1.930920599E1
4.751144000E0,-1.669741440E1,-1.099536419E1,-1.952451229E0,2.008765161E1
4.761145000E0,-1.553830147E1,-1.148367214E1,-2.389631271E0,1.946853554E1
4.771146000E0,-1.308970642E1,-9.814538956E0,-2.486549854E0,1.654836908E1
4.781147000E0,-9.246803284E0,-6.875090599E0,-2.551187515E0,1.180164393E1
4.791148000E0,-4.403671741E0,-3.847066641E0,-2.521252155E0,6.367806449E0
4.801149000E0,8.743081093E-1,4.379424453E-1,-1.720015049E0,1.978549980E0
4.811150000E0,6.075434685E0,5.739503860E0,-2.541396767E-2,8.357838060E0
4.821152000E0,1.046961117E1,1.091052151E1,2.063206673E0,1.526135837E1
4.831153000E0,1.384137154E1,1.537080002E1,3.767973185E0,2.102481108E1
4.841154000E0,1.626487541E1,1.788376236E1,4.608446121E0,2.460920364E1
4.851155000E0,1.773357010E1,1.886611748E1,5.026135445E0,2.637559354E1
4.861156000E0,1.833811569E1,1.871122551E1,5.659834862E0,2.680354786E1
4.871157000E0,1.805944824E1,1.736981201E1,6.551389217E0,2.589931931E1
4.881158000E0,1.701697350E1,1.517940331E1,7.196568489E0,2.391196917E1
4.891160000E0,1.530055428E1,1.180105305E1,7.182546139E0,2.061457696E1
4.901161000E0,1.270134735E1,7.035950184E0,6.155204296E0,1.577071208E1
4.911162000E0,9.255082130E0,1.851251245E0,4.267856598E0,1.035848813E1
4.921163583E0,5.000922203E0,-2.937629461E0,1.993813992E0,6.133040353E0
4.931164583E0,2.737278044E-1,-6.071341515E0,-2.164499015E-1,6.081362122E0
4.941165583E0,-4.217081547E0,-7.176183224E0,-1.663368464E0,8.488119761E0
4.951167583E0,-8.238835335E0,-7.201734543E0,-2.433923721E0,1.121014597E1
4.961168583E0,-1.170804501E1,-7.259193897E0,-2.751940727E0,1.404803871E1
4.971169583E0,-1.439483547E1,-8.325124741E0,-2.636372805E0,1.683655107E1
4.981170583E0,-1.640301895E1,-1.026146030E1,-2.270588875E0,1.948107215E1
4.991171583E0,-1.777124977E1,-1.255578041E1,-2.202842474E0,2.187046993E1
5.001172583E0,-1.894026756E1,-1.486185741E1,-2.532570124E0,2.420790062E1
5.011173583E0,-1.983722305E1,-1.642896652E1,-2.849231958E0,2.591417531E1
5.021175583E0,-1.978778648E1,-1.697857475E1,-3.238019705E0,2.627381332E1
5.031176583E0,-1.839703369E1,-1.645019913E1,-3.948433876E0,2.499299962E1
5.041177583E0,-1.607406998E1,-1.561078739E1,-4.434432507E0,2.284155424E1
5.051178583E0,-1.322582626E1,-1.377593613E1,-4.133795261E0,1.953937460E1
5.061179583E0,-9.450874329E0,-1.006191540E1,-2.685225964E0,1.406312929E1
5.071180583E0,-3.935807943E0,-3.880887032E0,-2.725671232E-1,5.534090816E0
5.081182583E0,3.055944443E0,3.919450045E0,2.261367798E0,5.460281074E0
5.091183583E0,9.629855156E0,1.141454506E1,4.298107147E0,1.554025979E1
5.101184583E0,1.441663551E1,1.647662735E1,5.325642109E0,2.253177961E1
5.111185583E0,1.770966530E1,1.864127922E1,5.725671768E0,2.634222567E1
5.121186583E0,1.971282387E1,1.822318077E1,5.961693764E0,2.749948245E1
5.131187583E0,1.964176559E1,1.489503479E1,5.653963089E0,2.529087416E1
5.141189583E0,1.618149567E1,7.673258305E0,4.185485840E0,1.839124756E1
5.151190583E0,9.455623627E0,-1.648067474E0,1.299425244E0,9.685734383E0
5.161191583E0,1.106523395E0,-1.115372849E1,-1.672367215E0,1.133255775E1
5.171192583E0,-6.184701443E0,-1.704083824E1,-3.159538031E0,1.840172222E1
5.181193583E0,-1.121413136E1,-1.854688835E1,-2.907833099E0,2.186776859E1
5.191194583E0,-1.359897327E1,-1.702221680E1,-1.636318564E0,2.184869509E1
5.201196583E0,-1.386060715E1,-1.314308929E1,-3.165433705E-1,1.910385894E1
5.211197583E0,-1.196963596E1,-7.357353687E0,9.074085355E-1,1.407928367E1
5.221198583E0,-7.980184078E0,-2.290637016E0,2.332297325E0,8.623802333E0